{
    // Use IntelliSense to learn about possible attributes.
    // Hover to view descriptions of existing attributes.
    // For more information, visit: https://go.microsoft.com/fwlink/?linkid=830387
    "version": "0.2.0",
    "configurations": [
        {
            //"name": "Python: Current File",
            //"type": "python",
            //"request": "launch",
            //"program": "${file}",
            //"console": "integratedTerminal"
            
            "name": "Python: Current File",
            "type": "python",
            "request": "launch",
            "program": "/home/percv-d10/anaconda3/envs/handongshen/lib/python3.7/site-packages/torch/distributed/launch.py",
            "console": "integratedTerminal",
            "args": [
                "--nproc_per_node=2",
                "train.py",
                "--dataset","Trans10k",
                "--arch","network.EBLNet.EBLNet_resnet50_os8",
                "--max_cu_epoch","16",
                "--lr","0.001",
                "--lr_schedule","poly",
                "--poly_exp","0.9",
                "--repoly","1.5",
                "--rescale","1.0",
                "--syncbn",
                "--sgd",
                "--crop_size","512",
                "--max_epoch","16",
                "--dice_loss",
                "--edge_weight","3.0",
                "--joint_edge_loss_light_cascade",
                "--apex",
                "--num_points","96",
                "--thres_gcn","0.9",
                "--num_cascade","3",
                "--bs_mult","4",
                "--exp","r50_os8_16epoches",
                "--thres_gcn","0.9",
                "--ckpt","./Trans10k/eblnet",
                "--tb_path","./Trans10k/eblnet",
                "2>&1","|","tee","./Trans10k/eblnet/log_date.txt"
            ],
            //"env": {"CUDA_VISIBLE_DEVICES":"0"},
        }
    ]
}